"id","fqdn/ip","port","severity","finding","cve","cwe"
"service","matrix.agent.pm.tchap.gouv.fr/143.196.253.101","443","INFO","HTTP","",""
"pre_128cipher","matrix.agent.pm.tchap.gouv.fr/143.196.253.101","443","INFO","No 128 cipher limit bug","",""
"SSLv2","matrix.agent.pm.tchap.gouv.fr/143.196.253.101","443","OK","not offered","",""
"SSLv3","matrix.agent.pm.tchap.gouv.fr/143.196.253.101","443","OK","not offered","",""
"TLS1","matrix.agent.pm.tchap.gouv.fr/143.196.253.101","443","INFO","not offered","",""
"TLS1_1","matrix.agent.pm.tchap.gouv.fr/143.196.253.101","443","INFO","not offered","",""
"TLS1_2","matrix.agent.pm.tchap.gouv.fr/143.196.253.101","443","OK","offered","",""
"TLS1_3","matrix.agent.pm.tchap.gouv.fr/143.196.253.101","443","INFO","not offered + downgraded to weaker protocol","",""
"ALPN","matrix.agent.pm.tchap.gouv.fr/143.196.253.101","443","INFO","http/1.1","",""
"cipherlist_NULL","matrix.agent.pm.tchap.gouv.fr/143.196.253.101","443","OK","not offered","","CWE-327"
"cipherlist_aNULL","matrix.agent.pm.tchap.gouv.fr/143.196.253.101","443","OK","not offered","","CWE-327"
"cipherlist_EXPORT","matrix.agent.pm.tchap.gouv.fr/143.196.253.101","443","OK","not offered","","CWE-327"
"cipherlist_LOW","matrix.agent.pm.tchap.gouv.fr/143.196.253.101","443","OK","not offered","","CWE-327"
"cipherlist_3DES_IDEA","matrix.agent.pm.tchap.gouv.fr/143.196.253.101","443","INFO","not offered","","CWE-310"
"cipherlist_OBSOLETED","matrix.agent.pm.tchap.gouv.fr/143.196.253.101","443","LOW","offered","","CWE-310"
"cipherlist_STRONG_NOFS","matrix.agent.pm.tchap.gouv.fr/143.196.253.101","443","INFO","not offered","",""
"cipherlist_STRONG_FS","matrix.agent.pm.tchap.gouv.fr/143.196.253.101","443","OK","offered","",""
"cipher_order-tls1_2","matrix.agent.pm.tchap.gouv.fr/143.196.253.101","443","OK","server","",""
"cipherorder_TLSv1_2","matrix.agent.pm.tchap.gouv.fr/143.196.253.101","443","INFO","ECDHE-RSA-AES256-GCM-SHA384","",""
"cipher_order","matrix.agent.pm.tchap.gouv.fr/143.196.253.101","443","OK","server","",""
"FS","matrix.agent.pm.tchap.gouv.fr/143.196.253.101","443","OK","offered","",""
"FS_ciphers","matrix.agent.pm.tchap.gouv.fr/143.196.253.101","443","INFO","ECDHE-RSA-AES128-GCM-SHA256 ECDHE-RSA-AES128-SHA256 ECDHE-RSA-AES256-GCM-SHA384 ECDHE-RSA-AES256-SHA384","",""
"FS_ECDHE_curves","matrix.agent.pm.tchap.gouv.fr/143.196.253.101","443","OK","secp256k1 prime256v1 secp384r1 secp521r1","",""
"TLS_extensions","matrix.agent.pm.tchap.gouv.fr/143.196.253.101","443","INFO","'server name/#0' 'renegotiation info/#65281' 'EC point formats/#11' 'session ticket/#35' 'heartbeat/#15' 'application layer protocol negotiation/#16'","",""
"TLS_session_ticket","matrix.agent.pm.tchap.gouv.fr/143.196.253.101","443","INFO","valid for 300 seconds only (<daily)","",""
"SSL_sessionID_support","matrix.agent.pm.tchap.gouv.fr/143.196.253.101","443","INFO","yes","",""
"sessionresumption_ticket","matrix.agent.pm.tchap.gouv.fr/143.196.253.101","443","INFO","not supported","",""
"sessionresumption_ID","matrix.agent.pm.tchap.gouv.fr/143.196.253.101","443","INFO","not supported","",""
"TLS_timestamp","matrix.agent.pm.tchap.gouv.fr/143.196.253.101","443","INFO","random","",""
"cert_compression","matrix.agent.pm.tchap.gouv.fr/143.196.253.101","443","INFO","N/A","",""
"clientAuth","matrix.agent.pm.tchap.gouv.fr/143.196.253.101","443","INFO","none","",""
"cert_numbers","matrix.agent.pm.tchap.gouv.fr/143.196.253.101","443","INFO","1","",""
"cert_signatureAlgorithm","matrix.agent.pm.tchap.gouv.fr/143.196.253.101","443","OK","SHA256 with RSA","",""
"cert_keySize","matrix.agent.pm.tchap.gouv.fr/143.196.253.101","443","INFO","RSA 2048 bits (exponent is 65537)","",""
"cert_keyUsage","matrix.agent.pm.tchap.gouv.fr/143.196.253.101","443","INFO","Digital Signature, Key Encipherment","",""
"cert_extKeyUsage","matrix.agent.pm.tchap.gouv.fr/143.196.253.101","443","INFO","TLS Web Server Authentication","",""
"cert_serialNumber","matrix.agent.pm.tchap.gouv.fr/143.196.253.101","443","INFO","47CAE38BFA6E025B3AB47DD9386C0CCC","",""
"cert_serialNumberLen","matrix.agent.pm.tchap.gouv.fr/143.196.253.101","443","INFO","16","",""
"cert_fingerprintSHA1","matrix.agent.pm.tchap.gouv.fr/143.196.253.101","443","INFO","AB72A8AEA30AB482AD2A1FBD748DBD4A475D9B33","",""
"cert_fingerprintSHA256","matrix.agent.pm.tchap.gouv.fr/143.196.253.101","443","INFO","0AA9D1F79404A6668FF3A53E47D9E5FD6B79817D525C0A3477363940BCAFA50B","",""
"cert","matrix.agent.pm.tchap.gouv.fr/143.196.253.101","443","INFO","-----BEGIN CERTIFICATE-----\nMIIIhjCCBm6gAwIBAgIQR8rji/puAls6tH3ZOGwMzDANBgkqhkiG9w0BAQsFADB9MQswCQYDVQQGEwJGUjESMBAGA1UECgwJREhJTVlPVElTMRwwGgYDVQQLDBMwMDAyIDQ4MTQ2MzA4MTAwMDM2MR0wGwYDVQRhDBROVFJGUi00ODE0NjMwODEwMDAzNjEdMBsGA1UEAwwUQ2VydGlnbmEgU2VydmljZXMgQ0EwHhcNMjIwOTExMjIwMDAwWhcNMjMxMDEzMjE1OTU5WjCBhjELMAkGA1UEBhMCRlIxDjAMBgNVBAcMBVBBUklTMSYwJAYDVQQKDB1HT1VWRVJORU1FTlQgUFJFTUlFUiBNSU5JU1RSRTEqMCgGA1UEAwwhbWF0cml4LXNpci5hZ2VudC5wbS50Y2hhcC5nb3V2LmZyMRMwEQYDVQQFEwpTMjQ4MzkwNDY2MIIBIjANBgkqhkiG9w0BAQEFAAOCAQ8AMIIBCgKCAQEA1kvInT9oPJxFDtFeNkdDkmd8Wkypqyaw8cYmQxVCUg0+E24adPfmMa9fAiQPMXLxgCYW+oqNzt+3KdRWCImg8eeBAIb2IAg/ssyV16+w6zuA8vSMIAlk91v9+qQgsrek3v4nq2cKV9GKnIbRHBFrWzdZRjql40mv8PBy8TLQYxXQK43qFdtrqVJFhvFTfknmKnPoiQpVVhcqQXB42ghIg635c3UhcPpU91W0OX+94is7BJ3zGlVvgqbwA16m9QZMChpeZp8VDuLMY9GuksSDBJj+i6GQc+HXfgMiHGL8puOb99NjDrzy2cTVIvK+OBRnBD5D7/HmrGvJv6b4TbVCpQIDAQABo4ID9jCCA/IwgeQGCCsGAQUFBwEBBIHXMIHUMDgGCCsGAQUFBzAChixodHRwOi8vYXV0b3JpdGUuZGhpbXlvdGlzLmNvbS9zZXJ2aWNlc2NhLmRlcjA2BggrBgEFBQcwAoYqaHR0cDovL2F1dG9yaXRlLmNlcnRpZ25hLmZyL3NlcnZpY2VzY2EuZGVyMDAGCCsGAQUFBzABhiRodHRwOi8vc2VydmljZXNjYS5vY3NwLmRoaW15b3Rpcy5jb20wLgYIKwYBBQUHMAGGImh0dHA6Ly9zZXJ2aWNlc2NhLm9jc3AuY2VydGlnbmEuZnIwHwYDVR0jBBgwFoAUrOyGj0s3HLh/FxsZ0K7oTuM0XBIwCQYDVR0TBAIwADBhBgNVHSAEWjBYMAgGBmeBDAECAjBMBgsqgXoBgTECBQEBATA9MDsGCCsGAQUFBwIBFi9odHRwczovL3d3dy5jZXJ0aWduYS5jb20vYXV0b3JpdGUtY2VydGlmaWNhdGlvbjBlBgNVHR8EXjBcMCugKaAnhiVodHRwOi8vY3JsLmNlcnRpZ25hLmZyL3NlcnZpY2VzY2EuY3JsMC2gK6AphidodHRwOi8vY3JsLmRoaW15b3Rpcy5jb20vc2VydmljZXNjYS5jcmwwEwYDVR0lBAwwCgYIKwYBBQUHAwEwDgYDVR0PAQH/BAQDAgWgMEsGA1UdEQREMEKCIW1hdHJpeC1zaXIuYWdlbnQucG0udGNoYXAuZ291di5mcoIdbWF0cml4LmFnZW50LnBtLnRjaGFwLmdvdXYuZnIwHQYDVR0OBBYEFIX0YYiyiY8ROb6s2Yl4WYd8RppnMIIBgAYKKwYBBAHWeQIEAgSCAXAEggFsAWoAdgCt9776fP8QyIudPZwePhhqtGcpXc+xDCTKhYY069yCigAAAYMyl7hGAAAEAwBHMEUCIQC6jJF6smX9eBaj3dmCes6tr/Y5/HIs+t+EHkPgppN+LQIgDMpJTi34+M2IGyq1vxc7rY3Pt8kWwGQGZ3z/YMO6b1EAdwDoPtDaPvUGNTLnVyi8iWvJA9PL0RFr7Otp4Xd9bQa9bgAAAYMyl7oxAAAEAwBIMEYCIQCltArLn/IRQ3Ost71HcvDnCmQuCnPBVaPdLUCdTpA3XwIhANZ6K+AOTMAUsk6SpEnJtlPYQTo6b+r3BO104/Whr5MpAHcAs3N3B+GEUPhjhtYFqdwRCUp5LbFnDAuH3PADDnk2pZoAAAGDMpe9lAAABAMASDBGAiEAvJZ73cGu1jRc83GDXIpVcE8Puom0l0U9Wv4CpJ+aL7ECIQDOzBdqp9hJuAF12s21W+xTIZNTAoRaw0ZuSPQJL90DzTANBgkqhkiG9w0BAQsFAAOCAgEAb6WJIOBoksya1hiSfu+eEiYgKN49iHzi1zxxHt1Fd5KT0LXkcwkwcyetu9e0FTm38TDjGmeW0gl+7QJcZe6LyQbjmWhRi5826hMmUyogeDypDyDyasoHE2yP0W0mKdcFikrFbAydXnNG3eKBlRv1PbsW4YXzaHXD+OUlmqgrshq6egLJfYknL3kUVq1A4kemBHJtSmIvF+916w/ncQditOaCWmIzTANkz+5CNj7tXOzOjFZPrxVL75KEGpHRRDAedxW8lOSnnWXu9D3ZFwfakTScA+Q3ferbhXZeau3kQROs3OF3zwAIGsuK4PVsWVSFlBQgNL3/zduB61aeXx6PRu/0E0ZBjkK4nYVHtQfOO2Ehtm5Ux7f9U4cUTGxwaNm4jflp/orHE08b6/WDWNe+C/PJTCv59wGGBs9KlG4qqbkjeJAF6JGdCksEc2nxdaq+vjOz6i2+KbreI7fzsC9I7lI3xzgYL11Ib63HwmgxauljWGoJTfTLndcouP0l9hEzfc1YlZW0kXJAZxOID4j1uoZqg62+YldK9YIV1e/D/zH9xBDA7/Xwb0vCscB29KifaXtJPnkYcs+4rsucIfYSgO5USg1KBdSYU1Jaqelp6Ihjty2xqQme67dW0//vtR0mnOZzjkAwkwoGwLxE6Q35VodknRWIGEJ9/hG5ioYRclQ=\n-----END CERTIFICATE-----","",""
"cert_commonName","matrix.agent.pm.tchap.gouv.fr/143.196.253.101","443","OK","matrix-sir.agent.pm.tchap.gouv.fr","",""
"cert_commonName_wo_SNI","matrix.agent.pm.tchap.gouv.fr/143.196.253.101","443","INFO","matrix-sir.agent.interieur.tchap.gouv.fr","",""
"cert_subjectAltName","matrix.agent.pm.tchap.gouv.fr/143.196.253.101","443","INFO","matrix-sir.agent.pm.tchap.gouv.fr matrix.agent.pm.tchap.gouv.fr","",""
"cert_trust","matrix.agent.pm.tchap.gouv.fr/143.196.253.101","443","OK","Ok via SAN (SNI mandatory)","",""
"cert_chain_of_trust","matrix.agent.pm.tchap.gouv.fr/143.196.253.101","443","CRITICAL","Some certificate trust checks failed -> Java (self signed CA in chain)  , OK -> Mozilla Microsoft Linux Apple","",""
"cert_certificatePolicies_EV","matrix.agent.pm.tchap.gouv.fr/143.196.253.101","443","INFO","no","",""
"cert_expirationStatus","matrix.agent.pm.tchap.gouv.fr/143.196.253.101","443","OK","145 >= 60 days","",""
"cert_notBefore","matrix.agent.pm.tchap.gouv.fr/143.196.253.101","443","INFO","2022-09-11 22:00","",""
"cert_notAfter","matrix.agent.pm.tchap.gouv.fr/143.196.253.101","443","OK","2023-10-13 21:59","",""
"cert_extlifeSpan","matrix.agent.pm.tchap.gouv.fr/143.196.253.101","443","OK","certificate has no extended life time according to browser forum","",""
"cert_eTLS","matrix.agent.pm.tchap.gouv.fr/143.196.253.101","443","INFO","not present","",""
"cert_crlDistributionPoints","matrix.agent.pm.tchap.gouv.fr/143.196.253.101","443","INFO","http://crl.certigna.fr/servicesca.crl http://crl.dhimyotis.com/servicesca.crl","",""
"cert_ocspURL","matrix.agent.pm.tchap.gouv.fr/143.196.253.101","443","INFO","http://servicesca.ocsp.dhimyotis.com http://servicesca.ocsp.certigna.fr","",""
"OCSP_stapling","matrix.agent.pm.tchap.gouv.fr/143.196.253.101","443","LOW","not offered","",""
"cert_mustStapleExtension","matrix.agent.pm.tchap.gouv.fr/143.196.253.101","443","INFO","--","",""
"DNS_CAArecord","matrix.agent.pm.tchap.gouv.fr/143.196.253.101","443","LOW","--","",""
"certificate_transparency","matrix.agent.pm.tchap.gouv.fr/143.196.253.101","443","OK","yes (certificate extension)","",""
"certs_countServer","matrix.agent.pm.tchap.gouv.fr/143.196.253.101","443","INFO","3","",""
"certs_list_ordering_problem","matrix.agent.pm.tchap.gouv.fr/143.196.253.101","443","INFO","no","",""
"cert_caIssuers","matrix.agent.pm.tchap.gouv.fr/143.196.253.101","443","INFO","Certigna Services CA (DHIMYOTIS from FR)","",""
"intermediate_cert <#1>","matrix.agent.pm.tchap.gouv.fr/143.196.253.101","443","INFO","-----BEGIN CERTIFICATE-----\nMIIGFjCCBP6gAwIBAgIQb4L6KKzW94S7WxILqHNnrTANBgkqhkiG9w0BAQsFADA0MQswCQYDVQQGEwJGUjESMBAGA1UECgwJRGhpbXlvdGlzMREwDwYDVQQDDAhDZXJ0aWduYTAeFw0xNTExMjUxMTMzNTJaFw0yNTExMjIxMTMzNTJaMH0xCzAJBgNVBAYTAkZSMRIwEAYDVQQKDAlESElNWU9USVMxHDAaBgNVBAsMEzAwMDIgNDgxNDYzMDgxMDAwMzYxHTAbBgNVBGEMFE5UUkZSLTQ4MTQ2MzA4MTAwMDM2MR0wGwYDVQQDDBRDZXJ0aWduYSBTZXJ2aWNlcyBDQTCCAiIwDQYJKoZIhvcNAQEBBQADggIPADCCAgoCggIBALPM+7LpWBz9wFcPaTc3xnB+5g0XrnptB0EPPfrR04vO52Ykm4ky1d4ZLd10tbM1fa1RqNSOVWWg93O4pL7zCFKlz6JV74ZZVhHpEAwzBwv2oPnxvVbxtSN67xsSY66ahUYxjzs8+3FhmsiRxqwnTYvK2u70uglUvRisOKyTL/M6JnrC4y8tlmoz7OSa5BmBMVplJFQtvmON6N9aHLvYMz+EyJPCbXL6pELxeHjFT5QmIaRamsr2DOTaCjtBZKI1Wnh3X7lnbjM8MESJiV2t7E9tIQNG0Z/HI3tO4aaUMum3KysY5sC8v3vi7rryGidgzHQhrtP0ZXWW5UH/k7umLS/P/XXWnCFpc2Lxa1uDGfc2im7xibRoPP+JNZszN76euFlls6jyEXAiwnVr14tVVTewLK0OWs5SJHpEKp8PGMZRDj59EmMvokWwzL6QzNZ6vVAp00oOm05sbspNY9+MFqGKKUsKvhFGEa4XmRNxDe6KswLcjPZB+NKHZ0QWFd4ip5C5XmEK/8qIPjwVr9dah9+oiHGGO8Wx7gJAMF5DTmkvW7GhqCKj1LmHnabjzc8av6kxWVQZi/C7HCm9i/W4wio+JA2EAFLqNL3GPNbK9kau4yPhQt/c7zxzo0OHnlsV4THCG7oOCd3cfCiyfQcb3FBt6OSpaKRZxjCLBwP00r0fAgMBAAGjggHZMIIB1TASBgNVHRMBAf8ECDAGAQH/AgEAMA4GA1UdDwEB/wQEAwIBBjAdBgNVHQ4EFgQUrOyGj0s3HLh/FxsZ0K7oTuM0XBIwZAYDVR0jBF0wW4AUGu3+QTmQtCRZvgHyUtVF9lo53BGhOKQ2MDQxCzAJBgNVBAYTAkZSMRIwEAYDVQQKDAlEaGlteW90aXMxETAPBgNVBAMMCENlcnRpZ25hggkA/tzjAQ/JSP8wSQYDVR0gBEIwQDA+BgoqgXoBgTEBAAECMDAwLgYIKwYBBQUHAgEWImh0dHBzOi8vd3d3LmNlcnRpZ25hLmZyL2F1dG9yaXRlcy8wfAYIKwYBBQUHAQEEcDBuMDQGCCsGAQUFBzAChihodHRwOi8vYXV0b3JpdGUuY2VydGlnbmEuZnIvY2VydGlnbmEuZGVyMDYGCCsGAQUFBzAChipodHRwOi8vYXV0b3JpdGUuZGhpbXlvdGlzLmNvbS9jZXJ0aWduYS5kZXIwYQYDVR0fBFowWDApoCegJYYjaHR0cDovL2NybC5jZXJ0aWduYS5mci9jZXJ0aWduYS5jcmwwK6ApoCeGJWh0dHA6Ly9jcmwuZGhpbXlvdGlzLmNvbS9jZXJ0aWduYS5jcmwwDQYJKoZIhvcNAQELBQADggEBAGLft7gIuGPZVfg0cTM+HT2xAZFPDb/2+siH06x+dH044zMKbBINbRzhKipwB1A3MW8FQjveE9tyrfyuqZE/X+o2SlGcdNV44ybYkxo4f6kcLEavV/IW+oFEnojZlhpksYcxrvQoEyqkAwshe8IS2KtZHKVACrt+XSs0lwvy7ALGmHaF7A4by6cZWItA7Lhj8XWp+8tBJDj7HocRbWtxzEODdBuyMgJzFrNjc+97J0vH/K0+3yjmkczpKshMA0tM+MF9XDMN/MuwrPmUWGO/fHiqHgUp8yqeWtl1n44ZxkkK1t9GRwhnDWLv73/xhTmdhWYQ/reo0GbgBoLiltKmIJQ=\n-----END CERTIFICATE-----","",""
"intermediate_cert_fingerprintSHA256 <#1>","matrix.agent.pm.tchap.gouv.fr/143.196.253.101","443","INFO","71E653BFBF5E72515B4099BBD5EC8872812B47C6EC1FA9ADD327E1C92C9EA16D","",""
"intermediate_cert_notBefore <#1>","matrix.agent.pm.tchap.gouv.fr/143.196.253.101","443","INFO","2015-11-25 11:33","",""
"intermediate_cert_notAfter <#1>","matrix.agent.pm.tchap.gouv.fr/143.196.253.101","443","OK","2025-11-22 11:33","",""
"intermediate_cert_expiration <#1>","matrix.agent.pm.tchap.gouv.fr/143.196.253.101","443","OK","ok > 40 days","",""
"intermediate_cert_chain <#1>","matrix.agent.pm.tchap.gouv.fr/143.196.253.101","443","INFO","Certigna Services CA <-- Certigna","",""
"intermediate_cert <#2>","matrix.agent.pm.tchap.gouv.fr/143.196.253.101","443","INFO","-----BEGIN CERTIFICATE-----\nMIIDqDCCApCgAwIBAgIJAP7c4wEPyUj/MA0GCSqGSIb3DQEBBQUAMDQxCzAJBgNVBAYTAkZSMRIwEAYDVQQKDAlEaGlteW90aXMxETAPBgNVBAMMCENlcnRpZ25hMB4XDTA3MDYyOTE1MTMwNVoXDTI3MDYyOTE1MTMwNVowNDELMAkGA1UEBhMCRlIxEjAQBgNVBAoMCURoaW15b3RpczERMA8GA1UEAwwIQ2VydGlnbmEwggEiMA0GCSqGSIb3DQEBAQUAA4IBDwAwggEKAoIBAQDIaPHJ1tazNHUmgh7stL7qXOEm7RFHYeGifBZ4QCHkYJ5ayGPhxLGWkv8YbWkj4Sti993iNi+RB7lIzw7sebYs5zRLcAglozyHGxnygQcPOJAZ0xH+hrTy0V4eHpbNgGzOOzGTtvKg0KmVEn2lmsxryIRWijOp5yIVUxbwzBfsV1/pogqYCd7jX5xv3EjjhQsVWqa6n6xI4wmy9/Qy3l40vhx4XUJbzg4ij02Q130yGLMLLGq/jj8UEYkgDncUtT2UCIf3JR7VsmAA7G8qKCVuKj4YYxclPz5EIBb2JsglrgVKtOdjLPOMFlN+XPsRGgjBRmKfIrjxwo1p3Po6WAbfAgMBAAGjgbwwgbkwDwYDVR0TAQH/BAUwAwEB/zAdBgNVHQ4EFgQUGu3+QTmQtCRZvgHyUtVF9lo53BEwZAYDVR0jBF0wW4AUGu3+QTmQtCRZvgHyUtVF9lo53BGhOKQ2MDQxCzAJBgNVBAYTAkZSMRIwEAYDVQQKDAlEaGlteW90aXMxETAPBgNVBAMMCENlcnRpZ25hggkA/tzjAQ/JSP8wDgYDVR0PAQH/BAQDAgEGMBEGCWCGSAGG+EIBAQQEAwIABzANBgkqhkiG9w0BAQUFAAOCAQEAhQMeknH2Qq/ho2Ge6/PAD/Kl1NqV5ta+aDY9fm4fTIrv0Q8hbV6lUmPOEvjvKtpv6zf+EwLHyzs+ImvaYS5/1HI93TDhHkxAGYwP15zRgzB7mFncfca5DClMoTOi62c6ZYTTluLtdkVwj7Ur3vkj1kluPBS1xp81HlDQwY9qcEQCYsuuHWhBp6pX6FOqB9IG9tUUBguRA3UsbHK1YZWaDYu5Def131TN3ubY1gkIl2PlwS6wt0QmwCbAr1UwnjvVNioZBPRcHv/PLLf/0P2HQBHVESO7SMAhqaQoLf0V+LBOK/QwWyH8EZE0vkHve52Xdf+XlcCWWC/qu0bXu+TZLg==\n-----END CERTIFICATE-----","",""
"intermediate_cert_fingerprintSHA256 <#2>","matrix.agent.pm.tchap.gouv.fr/143.196.253.101","443","INFO","E3B6A2DB2ED7CE48842F7AC53241C7B71D54144BFB40C11F3F1D0B42F5EEA12D","",""
"intermediate_cert_notBefore <#2>","matrix.agent.pm.tchap.gouv.fr/143.196.253.101","443","INFO","2007-06-29 15:13","",""
"intermediate_cert_notAfter <#2>","matrix.agent.pm.tchap.gouv.fr/143.196.253.101","443","OK","2027-06-29 15:13","",""
"intermediate_cert_expiration <#2>","matrix.agent.pm.tchap.gouv.fr/143.196.253.101","443","OK","ok > 40 days","",""
"intermediate_cert_chain <#2>","matrix.agent.pm.tchap.gouv.fr/143.196.253.101","443","INFO","Certigna <-- Certigna","",""
"intermediate_cert_badOCSP","matrix.agent.pm.tchap.gouv.fr/143.196.253.101","443","OK","intermediate certificate(s) is/are ok","",""
"HTTP_status_code","matrix.agent.pm.tchap.gouv.fr/143.196.253.101","443","INFO","200 OK ('/')","",""
"HTTP_clock_skew","matrix.agent.pm.tchap.gouv.fr/143.196.253.101","443","INFO","0 seconds from localtime","",""
"HTTP_headerTime","matrix.agent.pm.tchap.gouv.fr/143.196.253.101","443","INFO","1684630795","",""
"HSTS","matrix.agent.pm.tchap.gouv.fr/143.196.253.101","443","LOW","not offered","",""
"HPKP","matrix.agent.pm.tchap.gouv.fr/143.196.253.101","443","INFO","No support for HTTP Public Key Pinning","",""
"banner_server","matrix.agent.pm.tchap.gouv.fr/143.196.253.101","443","INFO","No Server banner line in header, interesting!","",""
"banner_application","matrix.agent.pm.tchap.gouv.fr/143.196.253.101","443","INFO","No application banner found","",""
"cookie_count","matrix.agent.pm.tchap.gouv.fr/143.196.253.101","443","INFO","0 at '/'","",""
"security_headers","matrix.agent.pm.tchap.gouv.fr/143.196.253.101","443","MEDIUM","--","",""
"banner_reverseproxy","matrix.agent.pm.tchap.gouv.fr/143.196.253.101","443","INFO","--","","CWE-200"
"heartbleed","matrix.agent.pm.tchap.gouv.fr/143.196.253.101","443","OK","not vulnerable , timed out","CVE-2014-0160","CWE-119"
"CCS","matrix.agent.pm.tchap.gouv.fr/143.196.253.101","443","OK","not vulnerable","CVE-2014-0224","CWE-310"
"ticketbleed","matrix.agent.pm.tchap.gouv.fr/143.196.253.101","443","OK","not vulnerable","CVE-2016-9244","CWE-200"
"ROBOT","matrix.agent.pm.tchap.gouv.fr/143.196.253.101","443","OK","not vulnerable, no RSA key transport cipher","CVE-2017-17382 CVE-2017-17427 CVE-2017-17428 CVE-2017-13098 CVE-2017-1000385 CVE-2017-13099 CVE-2016-6883 CVE-2012-5081 CVE-2017-6168","CWE-203"
"secure_renego","matrix.agent.pm.tchap.gouv.fr/143.196.253.101","443","OK","supported","","CWE-310"
"secure_client_renego","matrix.agent.pm.tchap.gouv.fr/143.196.253.101","443","OK","not vulnerable","CVE-2011-1473","CWE-310"
"CRIME_TLS","matrix.agent.pm.tchap.gouv.fr/143.196.253.101","443","OK","not vulnerable","CVE-2012-4929","CWE-310"
"BREACH","matrix.agent.pm.tchap.gouv.fr/143.196.253.101","443","MEDIUM","potentially VULNERABLE, gzip HTTP compression detected  - only supplied '/' tested","CVE-2013-3587","CWE-310"
"POODLE_SSL","matrix.agent.pm.tchap.gouv.fr/143.196.253.101","443","OK","not vulnerable, no SSLv3","CVE-2014-3566","CWE-310"
"fallback_SCSV","matrix.agent.pm.tchap.gouv.fr/143.196.253.101","443","OK","no protocol below TLS 1.2 offered","",""
"SWEET32","matrix.agent.pm.tchap.gouv.fr/143.196.253.101","443","OK","not vulnerable","CVE-2016-2183 CVE-2016-6329","CWE-327"
"FREAK","matrix.agent.pm.tchap.gouv.fr/143.196.253.101","443","OK","not vulnerable","CVE-2015-0204","CWE-310"
"DROWN","matrix.agent.pm.tchap.gouv.fr/143.196.253.101","443","OK","not vulnerable on this host and port","CVE-2016-0800 CVE-2016-0703","CWE-310"
"DROWN_hint","matrix.agent.pm.tchap.gouv.fr/143.196.253.101","443","INFO","Make sure you don't use this certificate elsewhere with SSLv2 enabled services, see https://search.censys.io/search?resource=hosts&virtual_hosts=INCLUDE&q=0AA9D1F79404A6668FF3A53E47D9E5FD6B79817D525C0A3477363940BCAFA50B","CVE-2016-0800 CVE-2016-0703","CWE-310"
"LOGJAM","matrix.agent.pm.tchap.gouv.fr/143.196.253.101","443","OK","not vulnerable, no DH EXPORT ciphers,","CVE-2015-4000","CWE-310"
"LOGJAM-common_primes","matrix.agent.pm.tchap.gouv.fr/143.196.253.101","443","OK","no DH key with <= TLS 1.2","CVE-2015-4000","CWE-310"
"BEAST","matrix.agent.pm.tchap.gouv.fr/143.196.253.101","443","OK","not vulnerable, no SSL3 or TLS1","CVE-2011-3389","CWE-20"
"LUCKY13","matrix.agent.pm.tchap.gouv.fr/143.196.253.101","443","LOW","potentially vulnerable, uses TLS CBC ciphers","CVE-2013-0169","CWE-310"
"winshock","matrix.agent.pm.tchap.gouv.fr/143.196.253.101","443","OK","not vulnerable","CVE-2014-6321","CWE-94"
"RC4","matrix.agent.pm.tchap.gouv.fr/143.196.253.101","443","OK","not vulnerable","CVE-2013-2566 CVE-2015-2808","CWE-310"
"clientsimulation-android_60","matrix.agent.pm.tchap.gouv.fr/143.196.253.101","443","INFO","TLSv1.2 ECDHE-RSA-AES128-GCM-SHA256","",""
"clientsimulation-android_70","matrix.agent.pm.tchap.gouv.fr/143.196.253.101","443","INFO","TLSv1.2 ECDHE-RSA-AES256-GCM-SHA384","",""
"clientsimulation-android_81","matrix.agent.pm.tchap.gouv.fr/143.196.253.101","443","INFO","TLSv1.2 ECDHE-RSA-AES256-GCM-SHA384","",""
"clientsimulation-android_90","matrix.agent.pm.tchap.gouv.fr/143.196.253.101","443","INFO","TLSv1.2 ECDHE-RSA-AES256-GCM-SHA384","",""
"clientsimulation-android_X","matrix.agent.pm.tchap.gouv.fr/143.196.253.101","443","INFO","TLSv1.2 ECDHE-RSA-AES256-GCM-SHA384","",""
"clientsimulation-android_11","matrix.agent.pm.tchap.gouv.fr/143.196.253.101","443","INFO","TLSv1.2 ECDHE-RSA-AES256-GCM-SHA384","",""
"clientsimulation-android_12","matrix.agent.pm.tchap.gouv.fr/143.196.253.101","443","INFO","TLSv1.2 ECDHE-RSA-AES256-GCM-SHA384","",""
"clientsimulation-chrome_79_win10","matrix.agent.pm.tchap.gouv.fr/143.196.253.101","443","INFO","TLSv1.2 ECDHE-RSA-AES256-GCM-SHA384","",""
"clientsimulation-chrome_101_win10","matrix.agent.pm.tchap.gouv.fr/143.196.253.101","443","INFO","TLSv1.2 ECDHE-RSA-AES256-GCM-SHA384","",""
"clientsimulation-firefox_66_win81","matrix.agent.pm.tchap.gouv.fr/143.196.253.101","443","INFO","TLSv1.2 ECDHE-RSA-AES256-GCM-SHA384","",""
"clientsimulation-firefox_100_win10","matrix.agent.pm.tchap.gouv.fr/143.196.253.101","443","INFO","TLSv1.2 ECDHE-RSA-AES256-GCM-SHA384","",""
"clientsimulation-ie_6_xp","matrix.agent.pm.tchap.gouv.fr/143.196.253.101","443","INFO","No connection","",""
"clientsimulation-ie_8_win7","matrix.agent.pm.tchap.gouv.fr/143.196.253.101","443","INFO","No connection","",""
"clientsimulation-ie_8_xp","matrix.agent.pm.tchap.gouv.fr/143.196.253.101","443","INFO","No connection","",""
"clientsimulation-ie_11_win7","matrix.agent.pm.tchap.gouv.fr/143.196.253.101","443","INFO","TLSv1.2 ECDHE-RSA-AES256-SHA384","",""
"clientsimulation-ie_11_win81","matrix.agent.pm.tchap.gouv.fr/143.196.253.101","443","INFO","TLSv1.2 ECDHE-RSA-AES256-SHA384","",""
"clientsimulation-ie_11_winphone81","matrix.agent.pm.tchap.gouv.fr/143.196.253.101","443","INFO","TLSv1.2 ECDHE-RSA-AES128-SHA256","",""
"clientsimulation-ie_11_win10","matrix.agent.pm.tchap.gouv.fr/143.196.253.101","443","INFO","TLSv1.2 ECDHE-RSA-AES256-GCM-SHA384","",""
"clientsimulation-edge_15_win10","matrix.agent.pm.tchap.gouv.fr/143.196.253.101","443","INFO","TLSv1.2 ECDHE-RSA-AES256-GCM-SHA384","",""
"clientsimulation-edge_101_win10_21h2","matrix.agent.pm.tchap.gouv.fr/143.196.253.101","443","INFO","TLSv1.2 ECDHE-RSA-AES256-GCM-SHA384","",""
"clientsimulation-safari_121_ios_122","matrix.agent.pm.tchap.gouv.fr/143.196.253.101","443","INFO","TLSv1.2 ECDHE-RSA-AES256-GCM-SHA384","",""
"clientsimulation-safari_130_osx_10146","matrix.agent.pm.tchap.gouv.fr/143.196.253.101","443","INFO","TLSv1.2 ECDHE-RSA-AES256-GCM-SHA384","",""
"clientsimulation-safari_154_osx_1231","matrix.agent.pm.tchap.gouv.fr/143.196.253.101","443","INFO","TLSv1.2 ECDHE-RSA-AES256-GCM-SHA384","",""
"clientsimulation-java_7u25","matrix.agent.pm.tchap.gouv.fr/143.196.253.101","443","INFO","No connection","",""
"clientsimulation-java_8u161","matrix.agent.pm.tchap.gouv.fr/143.196.253.101","443","INFO","TLSv1.2 ECDHE-RSA-AES256-GCM-SHA384","",""
"clientsimulation-java1102","matrix.agent.pm.tchap.gouv.fr/143.196.253.101","443","INFO","TLSv1.2 ECDHE-RSA-AES256-GCM-SHA384","",""
"clientsimulation-java1703","matrix.agent.pm.tchap.gouv.fr/143.196.253.101","443","INFO","TLSv1.2 ECDHE-RSA-AES256-GCM-SHA384","",""
"clientsimulation-go_1178","matrix.agent.pm.tchap.gouv.fr/143.196.253.101","443","INFO","TLSv1.2 ECDHE-RSA-AES256-GCM-SHA384","",""
"clientsimulation-libressl_283","matrix.agent.pm.tchap.gouv.fr/143.196.253.101","443","INFO","TLSv1.2 ECDHE-RSA-AES256-GCM-SHA384","",""
"clientsimulation-openssl_102e","matrix.agent.pm.tchap.gouv.fr/143.196.253.101","443","INFO","TLSv1.2 ECDHE-RSA-AES256-GCM-SHA384","",""
"clientsimulation-openssl_110l","matrix.agent.pm.tchap.gouv.fr/143.196.253.101","443","INFO","TLSv1.2 ECDHE-RSA-AES256-GCM-SHA384","",""
"clientsimulation-openssl_111d","matrix.agent.pm.tchap.gouv.fr/143.196.253.101","443","INFO","TLSv1.2 ECDHE-RSA-AES256-GCM-SHA384","",""
"clientsimulation-openssl_303","matrix.agent.pm.tchap.gouv.fr/143.196.253.101","443","INFO","TLSv1.2 ECDHE-RSA-AES256-GCM-SHA384","",""
"clientsimulation-apple_mail_16_0","matrix.agent.pm.tchap.gouv.fr/143.196.253.101","443","INFO","TLSv1.2 ECDHE-RSA-AES256-GCM-SHA384","",""
"clientsimulation-thunderbird_91_9","matrix.agent.pm.tchap.gouv.fr/143.196.253.101","443","INFO","TLSv1.2 ECDHE-RSA-AES256-GCM-SHA384","",""
"rating_spec","matrix.agent.pm.tchap.gouv.fr/143.196.253.101","443","INFO","SSL Labs's 'SSL Server Rating Guide' (version 2009q from 2020-01-30)","",""
"rating_doc","matrix.agent.pm.tchap.gouv.fr/143.196.253.101","443","INFO","https://github.com/ssllabs/research/wiki/SSL-Server-Rating-Guide","",""
"protocol_support_score","matrix.agent.pm.tchap.gouv.fr/143.196.253.101","443","INFO","100","",""
"protocol_support_score_weighted","matrix.agent.pm.tchap.gouv.fr/143.196.253.101","443","INFO","30","",""
"key_exchange_score","matrix.agent.pm.tchap.gouv.fr/143.196.253.101","443","INFO","90","",""
"key_exchange_score_weighted","matrix.agent.pm.tchap.gouv.fr/143.196.253.101","443","INFO","27","",""
"cipher_strength_score","matrix.agent.pm.tchap.gouv.fr/143.196.253.101","443","INFO","60","",""
"cipher_strength_score_weighted","matrix.agent.pm.tchap.gouv.fr/143.196.253.101","443","INFO","24","",""
"final_score","matrix.agent.pm.tchap.gouv.fr/143.196.253.101","443","INFO","81","",""
"overall_grade","matrix.agent.pm.tchap.gouv.fr/143.196.253.101","443","OK","A","",""
"grade_cap_reason_1","matrix.agent.pm.tchap.gouv.fr/143.196.253.101","443","INFO","Grade capped to A. HSTS is not offered","",""
